"ds1.PC1","ds1.PC2","ds1.PC3","ds1.PC4","ds1.PC5","ds7.population","ds7.sample"
-1.4045547655641348,1.164666604462772,-0.45996394380439326,0.9080528752727115,0.9193295717339948,"TA01","Lattes102001"
-1.4071229783056638,1.1665244721087582,-0.46063672120510074,0.9079794383532009,0.9137448425358679,"TA01","Lattes112001"
-1.4056251074265167,1.1554463008225957,-0.4654664782351161,0.9145660194903052,0.9021580054608288,"TA01","Lattes12001"
-1.4056251074265167,1.1554463008225957,-0.4654664782351161,0.9145660194903052,0.9021580054608288,"TA01","Lattes122001"
-1.5266888747700977,1.2700743140339812,-0.5838218614726829,1.0162641294369976,0.8137443455800426,"TA01","Lattes132001"
-1.5192581221744537,1.2779159568152403,-0.5755736207022505,1.0129693477006072,0.8110399964209312,"TA01","Lattes142001"
-1.5025042103752912,1.213901135325529,-0.6018533009090689,0.8775344262214902,0.7417883230022708,"TA01","Lattes152001"
-1.5018577815581875,1.2167147091365864,-0.5971595642567299,0.8839429087214798,0.7516013365714381,"TA01","Lattes162001"
-3.789068800960372,1.198631883045988,1.9715473852849679,-0.7208361710198281,-4.163785753906391,"TA01","Lattes172001"
-3.7890120827413547,1.1984645980128585,1.9715339789262807,-0.7212919904699113,-4.1638106987877945,"TA01","Lattes182001"
-3.80535790855687,1.2067820872898223,1.9558783147736785,-0.7404285943436935,-4.155867773926515,"TA01","Lattes192001"
-3.8232947224988854,1.2117647149990722,1.99256303947888,-0.7506288179635723,-4.172170332709082,"TA01","Lattes202001"
-3.8584440971516716,1.3023438640361216,1.8991320699547922,-0.8012064561055994,-4.123587911153939,"TA01","Lattes212001"
-3.856662277994871,1.3010383625733357,1.9004078812873721,-0.8020391600173384,-4.123146613971807,"TA01","Lattes22001"
-3.8435204415706443,1.304980662045961,1.8570356076193104,-0.7980087636826563,-4.112162896073572,"TA01","Lattes222001"
-3.8522724716261196,1.3106718974530431,1.8543740678970881,-0.8073522480184481,-4.107901892072685,"TA01","Lattes232001"
-3.885736098636685,1.325151455070426,1.727186849965673,-0.8148337648189553,-4.024343018138106,"TA01","Lattes242001"
-3.885736098636685,1.325151455070426,1.727186849965673,-0.8148337648189553,-4.024343018138106,"TA01","Lattes252001"
-3.8739093083093503,1.3251052283090095,1.7281545853301798,-0.8029676987457768,-4.024867076302564,"TA01","Lattes262001"
-3.8739088116778553,1.3252744962403813,1.728456766712415,-0.8029518470205033,-4.024509006441156,"TA01","Lattes272001"
-2.615156180507029,0.8729705294702846,0.9600457779990649,-0.7309122424212553,-2.2617573714221404,"TA01","Lattes282001"
-2.6116593279295808,0.8645020029092308,0.9617977762525003,-0.7213649445572562,-2.26558217704746,"TA01","Lattes292001"
-2.36457168718033,0.8325938011426891,0.6145304296213965,-0.6246889120523648,-2.056019624134459,"TA01","Lattes302001"
-2.3663879983262968,0.8338836138690241,0.6132794209453303,-0.6237524217245691,-2.056507576730907,"TA01","Lattes32001"
-1.2152108684036984,2.3290680869131353,-1.942155384846622,0.49286062628256394,-1.8447967222608868,"TA01","Lattes42001"
-1.2152108684036984,2.3290680869131353,-1.942155384846622,0.49286062628256394,-1.8447967222608868,"TA01","Lattes52001"
-1.1972723727696448,2.3264807572637545,-1.9280498116169893,0.49116925957177693,-1.8471241688558426,"TA01","Lattes62001"
-1.2035447388644949,2.3300449995379173,-1.9303805557029785,0.49472351608240356,-1.8491048225260214,"TA01","Lattes72001"
-1.2099478437577167,2.3489912442862084,-1.9252413738422065,0.4790112070603707,-1.8452902968333917,"TA01","Lattes82001"
-1.2099478437577167,2.3489912442862084,-1.9252413738422065,0.4790112070603707,-1.8452902968333917,"TA01","Lattes92001"
-1.3930002678188589,2.733140768825696,-2.166553495020996,0.6595675166183826,-2.113039123170216,"TA01","Maurin102001"
-2.3754338883923842,4.571671331484287,-3.4864928698440343,1.1778280463273287,-3.724317488062573,"TA01","Maurin112001"
-2.3633103916864187,4.540889998432384,-3.4557345129079717,1.1860151148637468,-3.727498620282346,"TA01","Maurin12001"
-2.3828025936244432,4.555354548540435,-3.468951478118161,1.0831603057672337,-3.65221861790013,"TA01","Maurin122001"
-2.3885265524086963,4.582777007467099,-3.487283765158615,1.0772001365071462,-3.640033604007325,"TA01","Maurin132001"
-7.062519976117498,6.682039336272215,2.6324884478153345,0.472602944369515,-0.6025716921971243,"TA01","Maurin142001"
-6.742702389362691,6.682216191983322,2.1113752120663323,0.5505113899344205,-0.6254994960536027,"TA01","Maurin152001"
-6.426676978681529,6.872752917030288,1.4191142602032591,0.6164227419199211,-0.6463704559808092,"TA01","Maurin162001"
-6.512899853384719,6.988854412043435,1.3443371277192266,0.5940216657783761,-0.8441322514354881,"TA01","Maurin172001"
-5.75767233038984,5.124275924237067,2.0614970141933915,0.0593366492659253,-1.8800427094184147,"TA01","Maurin182001"
-5.656055749966382,4.926988146405211,2.2046867015099387,-0.0592001638072317,-1.7214575906699499,"TA01","Maurin192001"
-5.7419169159869385,4.720586250700937,2.6057551188685046,-0.23279911128521902,-1.5554597071055205,"TA01","Maurin202001"
-5.74812241097964,4.718872733647788,2.586872784519324,-0.26475556872838346,-1.558280422938531,"TA01","Maurin212001"
-1.2267344448559527,0.9715178918424708,-0.16528143264720976,-0.07871480271753678,0.5153404623582974,"TA01","Maurin22001"
-1.2016917082234446,0.9723986942133989,-0.15076530426381285,-0.06924664183765383,0.512623339218833,"TA01","Maurin222001"
-1.4455672784127036,1.6181519695659148,-0.4173774980651617,0.23480367498515514,0.7098663853638211,"TA01","Maurin232001"
-1.5921407587557659,1.86656570974111,-0.6590834169498246,0.23751444964787302,0.5222707947383023,"TA01","Maurin242001"
-2.3622963121251184,3.419576571339606,-1.9621099832928144,0.28840674875448835,-0.8384096270403358,"TA01","Maurin252001"
-2.468826278944767,3.5336608605722817,-1.9449129457186718,0.11535539144145354,-0.7484225350508555,"TA01","Maurin262001"
-2.5045652554533717,3.541873418403207,-1.8310809413516547,-0.10449353494817698,-0.5912881138816728,"TA01","Maurin272001"
-2.4183890110509063,3.4204180942138533,-1.7601985869722048,-0.14713463721394185,-0.4113193040384062,"TA01","Maurin282001"
-2.158938089704564,2.3280089017403234,0.8889750435679953,-0.0500526584915425,1.2516948949767435,"TA01","Maurin292001"
-2.1528807072463167,2.3153270744341232,0.8898093679681875,-0.056847909397841734,1.243181269683927,"TA01","Maurin302001"
-2.1513911675457784,2.242772645292889,0.9570923536166109,-0.16642785391063564,1.1744163137362023,"TA01","Maurin312001"
-2.149136291672383,2.1779965030634347,0.9253553771170211,-0.2667790188882566,1.1195202841375815,"TA01","Maurin32001"
-1.897363470545141,1.6322008566114286,0.6439309644813058,-0.6161585628916274,0.6915601543551615,"TA01","Maurin322001"
-1.8748537704225914,1.6014048072902916,0.6505486197328372,-0.6364771050509803,0.6703124358144074,"TA01","Maurin332001"
-1.8582480528139804,1.5969955380613867,0.6507063296566413,-0.6416012473484405,0.6507622860475073,"TA01","Maurin342001"
-1.8568142912742975,1.5735169864099672,0.6489802503627393,-0.6276564327241773,0.6837295144777266,"TA01","Maurin352001"
-2.8439641192341196,2.278330670240329,-1.4478603529580967,-7.485138281801659,1.740571674193231,"TA01","Maurin362001"
-2.833652692454662,2.3121785902315812,-1.750708925778974,-8.040482339671037,1.7503473137822456,"TA01","Maurin372001"
-3.007812606502519,2.5760273966573157,-2.2097369126466115,-9.359881565427893,1.9584259806806341,"TA01","Maurin382001"
-3.029390764164522,2.587176425812885,-2.186247464925885,-9.364237231985452,1.9616854067246847,"TA01","Maurin392001"
-2.631880812761839,2.335099446889848,-1.7959137210813894,-8.009411884565377,1.641247355538196,"TA01","Maurin402001"
-2.6490752465871563,2.332449398753414,-1.7784927238555746,-8.010749772250119,1.6324677047108902,"TA01","Maurin412001"
-2.6091660996510964,2.3164406393669488,-1.853484602265453,-7.982054813981906,1.6882730121952967,"TA01","Maurin42001"
-2.60475313718676,2.313654699225756,-1.8536966886724242,-7.9952810803347685,1.681272354612323,"TA01","Maurin422001"
-1.3840854681608168,2.996899604834678,0.1681517237903511,1.8083724537883643,3.456020166975181,"TA01","Maurin432001"
-1.376388097469201,2.9845920548043705,0.1664710734071131,1.8038281547306922,3.4437315268375444,"TA01","Maurin442001"
-1.3890935461027478,3.0624058354386383,0.17194781897473085,1.8405348612647954,3.5251479339017284,"TA01","Maurin452001"
-1.3853974224828658,3.063290045428213,0.17692348339829866,1.8365354779764198,3.5296007267852745,"TA01","Maurin462001"
-1.7645643012017063,4.056423330370814,0.5615676999447532,2.3192910997396674,4.548042922014978,"TA01","Maurin472001"
-1.756373823466326,4.04167548209959,0.5593337236634132,2.3181170615226847,4.5340267769554545,"TA01","Maurin482001"
-2.4801819877851234,4.452808797000113,1.665122842792749,2.557465890018164,5.368234071515439,"TA01","Maurin492001"
-3.1872851831476408,4.812061736508372,2.768707937999726,2.703355355952088,6.097577665151751,"TA01","Maurin502001"
-10.092587479249278,-0.03184945756575336,8.040702827788532,-0.2071898031280024,0.4946647557117081,"TA01","Maurin512001"
-9.995889758163319,-0.3389909822191747,7.923975633336294,-0.4081978015251515,0.18235787805483028,"TA01","Maurin52001"
-10.418831238003726,-1.2135696078236657,7.236816357309921,-0.4178057010102316,0.1330310199846947,"TA01","Maurin522001"
-10.741735929527728,-1.5023158988152465,6.948754310232965,-0.31634508718617127,0.24460719517933738,"TA01","Maurin532001"
-9.060679513227576,-2.768123297192517,3.484717075647444,-0.58187375114499,-1.520740510175542,"TA01","Maurin542001"
-8.64412600695221,-2.6055092527823547,3.079122539350978,-0.560090996072269,-1.569469682880359,"TA01","Maurin552001"
-8.455345730287839,-2.6681123047827366,2.5201747143520556,-0.4818040564595907,-1.5232749744903191,"TA01","Maurin562001"
-8.479788037366495,-2.7126757259242167,2.461881023766816,-0.4539213695283135,-1.494787463484052,"TA01","Maurin572001"
-4.4059285333167875,0.5411162859339314,-3.024721256009431,0.8473928362773151,-1.4804609822309018,"TA01","Maurin582001"
-4.500474454683578,0.6424669731536716,-3.1284545368482406,0.9314814766477502,-1.5644999461017224,"TA01","Maurin592001"
-4.623663309830701,0.8534182054347044,-3.2398909756768983,1.0228886175665066,-1.6381002583833397,"TA01","Maurin602001"
-4.645782042521729,0.8926456366854936,-3.2411388656410365,1.0310415567868363,-1.6310945350876942,"TA01","Maurin62001"
-4.1481934147076664,0.6204228942883603,-3.6472889491246825,0.7250108860465572,-1.0005230076518625,"TA01","Maurin72001"
-4.762801469574457,0.03408444499123808,-3.7641955759916925,0.8658481649159875,-0.7696180251915179,"TA01","Maurin82001"
-5.842402739840276,-1.4935394790378176,-3.7278400584901994,1.0880191748420982,-0.001542041607210276,"TA01","Maurin92001"
-5.15392607953999,-0.929569638412068,-3.137177137467085,0.9215974966043549,-0.2136397428466582,"TA01","Perols102001"
-5.148276502468598,-0.9323512293083653,-3.1317383662660605,0.9143489916790752,-0.20859799942767643,"TA01","Perols112001"
-2.728037818726703,-1.3436780500652659,-2.120704168948274,-0.2948249509535784,0.29188178863956,"TA01","Perols12001"
-2.728830271807741,-1.3431215333746291,-2.1232409528516754,-0.29499090589362875,0.2903513396834677,"TA01","Perols122001"
-2.328344671945379,-1.0095746604601326,-1.934849859308532,-0.42479469776535256,0.1769903849670214,"TA01","Perols132001"
-2.3301648903153263,-1.0070351276181055,-1.9377527902218814,-0.4373557507088242,0.18019188492814442,"TA01","Perols142001"
-2.368648880953952,-0.9797061987038878,-1.9834191632139948,-0.5965619874402448,0.1657993314805672,"TA01","Perols152001"
-2.3781894108235475,-0.9728115319079358,-1.985968460473946,-0.5968325107850356,0.1450623151839096,"TA01","Perols162001"
-2.4096157995676943,-0.9439181524652929,-2.0218570765953614,-0.7337054443544686,0.15005312408909488,"TA01","Perols172001"
-2.410313737066234,-0.9441588127510623,-2.0203017033826223,-0.7340432424064696,0.14959909219691142,"TA01","Perols182001"
-1.0645186182192283,0.08228722976239022,-0.7127180574309473,-1.1599003024737697,0.015010008678881442,"TA01","Perols192001"
-1.0902209211201253,0.05862821942855917,-0.7166736267573701,-1.1412167363932753,0.016548553825927598,"TA01","Perols202001"
-1.0595628911665307,0.07926563998189601,-0.7063788701172404,-1.1500516798021045,0.011110390478761362,"TA01","Perols212001"
-1.03040070485519,0.1012580733055366,-0.6921768537891138,-1.1583954151917388,0.006676869904361116,"TA01","Perols22001"
-0.8455424887564775,0.3055741623479099,-0.6802006146425745,-1.2916967524492706,-0.03399131619174335,"TA01","Perols222001"
-0.8457891833454552,0.30591504453719653,-0.6805016576119123,-1.2916795342426843,-0.034339242437768216,"TA01","Perols232001"
-0.8390970737632757,0.24615481459555752,-0.6985741742478271,-1.2836443208427464,0.08403214370120742,"TA01","Perols242001"
-0.8366285216175862,0.24422910187569868,-0.6928015454024947,-1.2631834789578236,0.08157279746176707,"TA01","Perols252001"
-0.9976336035601892,0.2651253513760248,-0.6423448916718255,-0.6177664042247321,0.5784375197498355,"TA01","Perols262001"
-0.9995265526871052,0.2653200189183602,-0.6397225950546718,-0.6184293734811593,0.5768733603619745,"TA01","Perols272001"
-0.9629938796760801,0.2756785119236133,-0.6128194681452017,-0.5658726594251069,0.5533057116581293,"TA01","Perols282001"
-0.959305019772572,0.2664535961344534,-0.6129578776640057,-0.5715107606261625,0.541076548251069,"TA01","Perols292001"
-0.9556434352913138,0.24523056638714927,-0.5618474463197086,-0.5004090303165212,0.5063552981554559,"TA01","Perols302001"
-0.9587693029498734,0.24730250321079286,-0.5663865847307263,-0.5108701064958641,0.5104749187104772,"TA01","Perols32001"
-0.964785058180789,0.2515791208854635,-0.5647267026462017,-0.5094108205591155,0.512507767512673,"TA01","Perols42001"
-0.9651431479621351,0.2524105108844691,-0.5653839500590168,-0.508919240552708,0.5117962573784776,"TA01","Perols52001"
-1.2793801317985984,-0.03782620460491559,-0.6208713651425634,-0.29418117835598717,0.5232598513703534,"TA01","Perols62001"
-1.3176833249253637,-0.06689095503019532,-0.6305865613528308,-0.2862044812545113,0.5299190709130774,"TA01","Perols72001"
-1.3545977930498618,-0.0967564960134944,-0.658575860903768,-0.2832986950697175,0.539790897443707,"TA01","Perols82001"
-1.3146544414323156,-0.0658412541239416,-0.6455273364392049,-0.29365688280634494,0.5333040363825743,"TA01","Perols92001"
-1.393466988682799,2.7340119936400216,-2.1666804558592885,0.6597145073871177,-2.1129933775192273,"TA13","Maurin102013"
-2.36103266220104,4.550592687602126,-3.472381900258108,1.1809115054418213,-3.7183641678515347,"TA13","Maurin112013"
-2.3633103916864187,4.540889998432384,-3.4557345129079717,1.1860151148637468,-3.727498620282346,"TA13","Maurin12013"
-2.382335872760503,4.55448332372611,-3.468824517279869,1.0830133149984986,-3.6522643635511183,"TA13","Maurin122013"
-2.39062206365801,4.586489982472815,-3.4889161146551624,1.075572622219582,-3.635484986370396,"TA13","Maurin132013"
-7.0654264728938845,6.68414318165979,2.6317114841982927,0.4725224278960758,-0.6088828225237868,"TA13","Maurin142013"
-6.757236757972011,6.683758233702734,2.1306746815172604,0.5455788604305591,-0.6378386441134469,"TA13","Maurin152013"
-6.436525790446351,6.892343050550506,1.408778798279938,0.634054698498633,-0.6617712421693374,"TA13","Maurin162013"
-6.509438269267493,6.988165414511949,1.3537197718707827,0.5968216344895072,-0.8254399341245691,"TA13","Maurin172013"
-5.745229897582271,5.125624516069463,2.0396447422345823,0.06441518676675462,-1.8706539275317575,"TA13","Maurin182013"
-5.653817864033189,4.925565183947551,2.2048054869774676,-0.05565161559037124,-1.7232377693929142,"TA13","Maurin192013"
-5.73992665762749,4.713906145235837,2.6021802925600155,-0.23632240159139473,-1.5634472623473796,"TA13","Maurin202013"
-5.746984540731901,4.7116401269558095,2.581447393869197,-0.2743196562582615,-1.5576843279466037,"TA13","Maurin212013"
-1.2210475214364553,0.9696227522643657,-0.15911001991767515,-0.07531512183953434,0.5126820678257842,"TA13","Maurin22013"
-1.2022939121511063,0.9728263358603009,-0.15118008030036326,-0.0689361453927752,0.5124615569323858,"TA13","Maurin222013"
-1.4411740938174247,1.6143635070158853,-0.4146626378400142,0.23461324990836524,0.7207340341101698,"TA13","Maurin232013"
-1.5909533219602783,1.8674807407667382,-0.6587837398957469,0.2372504726924373,0.5220728386221667,"TA13","Maurin242013"
-2.3616941081974567,3.419148929692704,-1.9616952072562641,0.2880962523096097,-0.8382478447538888,"TA13","Maurin252013"
-2.4737504925476648,3.537500721473492,-1.9475482168470366,0.11295475713744618,-0.7440932224285592,"TA13","Maurin262013"
-2.5053997053193253,3.540195916976166,-1.8319960133804205,-0.10465567212205934,-0.5917789437201186,"TA13","Maurin272013"
-2.4195205376957047,3.4217185001074784,-1.7623084547316736,-0.15425531842498139,-0.40961754566214914,"TA13","Maurin282013"
-2.158938089704564,2.3280089017403234,0.8889750435679953,-0.0500526584915425,1.2516948949767435,"TA13","Maurin292013"
-2.148031268954708,2.300771778855076,0.8979996829441828,-0.062016864369649705,1.237915001289836,"TA13","Maurin302013"
-2.149806472490215,2.2410738618541113,0.9591230231591066,-0.16676738978358774,1.1758914795498545,"TA13","Maurin312013"
-2.142308960454647,2.1837910268236986,0.9270983910470985,-0.2682820986031653,1.118343916941266,"TA13","Maurin32013"
-1.901722380911088,1.644913675031463,0.6388104983861453,-0.6089517035269384,0.6960887821202032,"TA13","Maurin322013"
-1.8752877886659998,1.6015907106521774,0.6501498606241735,-0.6363428404998113,0.6705677037625785,"TA13","Maurin332013"
-1.8620044305977221,1.5910109604622231,0.6412550430911126,-0.6388127404252679,0.6550029613113326,"TA13","Maurin342013"
-1.8568142912742975,1.5735169864099672,0.6489802503627393,-0.6276564327241773,0.6837295144777266,"TA13","Maurin352013"
-2.8466457369039144,2.2837953537632116,-1.452487183864684,-7.485333798569243,1.7358179056861585,"TA13","Maurin362013"
-2.8200170419641655,2.3107763240367922,-1.7695983505635569,-8.035706713671349,1.7616145636100584,"TA13","Maurin372013"
-3.0155243156858256,2.5809878870737295,-2.2101996307058096,-9.36383688227487,1.9658704638391256,"TA13","Maurin382013"
-3.026651866653273,2.5800733608034756,-2.179192663092271,-9.354350916262103,1.9654141724648149,"TA13","Maurin392013"
-2.645516463252336,2.336501713084637,-1.7770242962968068,-8.014187510565066,1.6299801057103827,"TA13","Maurin402013"
-2.6448415802492473,2.328650309951981,-1.7785277287344023,-8.004048673985402,1.6298355442020585,"TA13","Maurin412013"
-2.6106669095130175,2.3182296126778694,-1.855759391834046,-7.990666819114763,1.6904845832664357,"TA13","Maurin42013"
-2.6024445452744196,2.3111902089994074,-1.848023772190194,-7.998211185898791,1.6784104864869058,"TA13","Maurin422013"
-1.3779895620615865,2.985485719467943,0.16495650415013757,1.804190802832513,3.4444940464541762,"TA13","Maurin432013"
-1.376069283625145,2.9843656562854224,0.16669066072058095,1.803663774259874,3.4438171762833103,"TA13","Maurin442013"
-1.3894072505891892,3.0636890981197293,0.1731101877932915,1.841470438709973,3.5271229985576613,"TA13","Maurin452013"
-1.3814906717244582,3.0529472666357242,0.17676644497732363,1.8294525566953164,3.515686722533308,"TA13","Maurin462013"
-1.7645460348683666,4.05601516859289,0.5619850455072953,2.3193995107409897,4.547962390499858,"TA13","Maurin472013"
-1.7550915927641353,4.042133146777385,0.5538872782486166,2.3194590470314753,4.53711839109969,"TA13","Maurin482013"
-2.485650164989938,4.46455272488026,1.6652927914289353,2.5620773666422307,5.383118847836256,"TA13","Maurin492013"
-3.1878807123953687,4.812379970106812,2.7678722759173437,2.7019505010766918,6.097904201840311,"TA13","Maurin502013"
-10.092583490750226,-0.03185690287110299,8.040703912769347,-0.20719105928042003,0.49466436477892683,"TA13","Maurin512013"
-9.996531027950358,-0.33839206724874293,7.9228795059508865,-0.4098609268516282,0.1824206960148831,"TA13","Maurin52013"
-10.419196963317809,-1.2124915835908143,7.236034354310387,-0.41790048893279974,0.13168960071392055,"TA13","Maurin522013"
-10.778320807835506,-1.5235232749797658,6.950979566301922,-0.3096495347877515,0.23835114615897623,"TA13","Maurin532013"
-9.030546229151934,-2.7438411516315613,3.49932888904999,-0.5906461252412231,-1.5289555320046901,"TA13","Maurin542013"
-8.64811001572578,-2.602990974818009,3.078808489760543,-0.5663765423719314,-1.5661612878985383,"TA13","Maurin552013"
-8.445997545868892,-2.6710281850063122,2.5124908222857147,-0.47740286782402874,-1.5138959902101157,"TA13","Maurin562013"
-8.479104821589,-2.713969298417918,2.4629654957984357,-0.4538953242367392,-1.4935558699846123,"TA13","Maurin572013"
-4.406076972602143,0.5412014378706287,-3.0248533724473745,0.8474370917543551,-1.4803996011167397,"TA13","Maurin582013"
-4.500237800523539,0.6428820298131073,-3.12989469599283,0.9317917909328167,-1.5652477566303982,"TA13","Maurin592013"
-4.622884325919016,0.8520024009421405,-3.2394300033725707,1.025347910461631,-1.6398022884852899,"TA13","Maurin602013"
-4.495268863690988,0.9807265194439307,-3.1787565738034096,0.9994214326935693,-1.6360063189401546,"TA13","Maurin62013"
-4.298989446186661,0.5251325895520731,-3.7007696011746036,0.7633913793545783,-0.9866736469396965,"TA13","Maurin72013"
-4.762801469574457,0.03408444499123808,-3.7641955759916925,0.8658481649159875,-0.7696180251915179,"TA13","Maurin82013"
-5.841475613933294,-1.4937581323725446,-3.7287315174925597,1.0890445612578192,-0.002079659649594001,"TA13","Maurin92013"
-2.906181977628932,5.431382452465487,1.3558763467482542,2.6924023429701993,4.705064845117361,"UTA01","Ganges102001"
-2.9008662328206376,5.417239960683016,1.35860630440254,2.6844799464594535,4.695023320711353,"UTA01","Ganges112001"
-2.702932879229756,4.887948387002725,1.3183138497176152,2.276368830083636,3.9948597807883113,"UTA01","Ganges12001"
-2.706108537193706,4.897044362200171,1.2875088274459126,2.2753850078756885,3.978948176254532,"UTA01","Ganges122001"
-2.1189938224633527,3.3722735558764154,1.4269481258741312,1.2507789773901954,2.731446236951249,"UTA01","Ganges132001"
-2.137184155012103,3.4136215301212456,1.4246022053509109,1.2884742751653118,2.784170839641315,"UTA01","Ganges142001"
-2.0796874154450293,3.1157520151968394,1.7764138238152503,1.0896304327583277,2.9596609929390647,"UTA01","Ganges152001"
-2.124106670455763,3.116322872251418,1.8594257985157774,1.0608491752099323,2.947421897196348,"UTA01","Ganges162001"
-0.8641549955009528,0.48957279533627107,0.9065428784791149,0.009616847975229742,0.054351421392395016,"UTA01","Ganges172001"
-0.8469886311986369,0.5065976616398691,0.8932705362222018,0.04295792290385303,0.020722873374800443,"UTA01","Ganges182001"
-0.8591972913507894,0.5137887293012642,0.9168590832760343,0.043777476063738524,0.03578919203355829,"UTA01","Ganges192001"
-0.863747568650977,0.48815525806794924,0.9318911132837696,0.030758624043657673,0.009156441856081499,"UTA01","Ganges202001"
-1.1920936010864405,0.8245471622539903,0.5678954440491727,-0.6856157120002655,0.2210769106346258,"UTA01","Ganges212001"
-1.1932682231072862,0.8203991967058014,0.5686959758868139,-0.6866595423589916,0.22634032861525266,"UTA01","Ganges22001"
-1.3627870491569278,0.9516149182608562,0.4740912937034048,-1.0185187128934259,0.47566891553376056,"UTA01","Ganges222001"
-1.4907124625917154,1.0283682819363036,0.47153451662921086,-1.1847252151591763,0.5806462198703208,"UTA01","Ganges232001"
-2.0454953623335004,0.8367405483545219,0.9844252837769512,-1.6512957359019236,-1.0034372925778006,"UTA01","Ganges242001"
-2.053317540471687,0.8393700523552452,0.9671846818846674,-1.668186167029815,-0.9978623608096108,"UTA01","Ganges252001"
-1.9383800879471489,0.9224279115478057,0.6908086418753823,-1.66228099900739,-1.0502453813231345,"UTA01","Ganges262001"
-1.940822569273078,0.9432523769542152,0.6799903191070636,-1.6403822760655635,-1.0702719367508617,"UTA01","Ganges272001"
-1.7845620851105395,0.9243621564113217,0.5753900198907638,-1.1390973145278596,-1.0805677790172628,"UTA01","Ganges282001"
-1.747782613248219,0.9196897706573129,0.5987086920250541,-0.9639000496699696,-1.134957570252336,"UTA01","Ganges292001"
-1.6652386100993295,0.9401480102283791,0.494551984018914,-0.9412195075188723,-1.1219104413447494,"UTA01","Ganges302001"
-1.6022412277758147,0.9390922213266981,0.409308629928786,-0.9403606624074096,-1.0590108339909696,"UTA01","Ganges312001"
-0.9907648637791573,1.079157130990856,-0.30926745473325346,-0.15864937429962078,-0.7753660011251219,"UTA01","Ganges32001"
-1.0040743568360462,1.0864447678837275,-0.3070657136221596,-0.16345348865725084,-0.8004632889936292,"UTA01","Ganges322001"
-1.0151457304870395,1.100337640649752,-0.2878696842651553,-0.11048133072081287,-0.7828619290865385,"UTA01","Ganges332001"
-1.0312538594936183,1.1351426968502165,-0.288114300456029,-0.08459765786791296,-0.7410044239568911,"UTA01","Ganges342001"
-0.9761127651067352,1.1211759033066764,-0.3270045410570711,-0.06705417291947496,-0.7238233941627721,"UTA01","Ganges352001"
-0.9535096207673722,1.1248114944947514,-0.36557903850154283,-0.07565827740436196,-0.6925518366714665,"UTA01","Ganges362001"
-0.9682724558432456,1.1092034362054546,-0.39531312394609114,-0.07617873686066867,-0.7433086233971088,"UTA01","Ganges372001"
-0.9795682240399409,1.1227334587865743,-0.41417604092991456,-0.0592975141342357,-0.7638900838934191,"UTA01","Ganges382001"
-4.92222517585245,0.6041901253993135,-0.13829640938297094,-1.2306226995545901,0.5587090743095848,"UTA01","Ganges392001"
-4.519094402776202,0.5089342885039022,-0.5221530782480552,-1.0899880551543613,0.9434243933967984,"UTA01","Ganges402001"
-4.08244212800276,0.31395903284054194,-0.9120839223037254,-0.8640588315352271,1.422077224943436,"UTA01","Ganges412001"
-3.990100523063453,0.3115490624015399,-0.9183115374167575,-0.7865008861965468,1.3157146765348278,"UTA01","Ganges42001"
-3.9096825771786854,0.4273354883730779,-1.1071701865366679,-0.6517337949256445,0.7725049360095899,"UTA01","Ganges422001"
-3.9134687500945002,0.41195823342596705,-1.1110167983039922,-0.6520823397765121,0.7878954457105756,"UTA01","Ganges432001"
-3.9316676160820743,0.37383272401108136,-1.091258901592799,-0.6784515534224285,0.7457632824021387,"UTA01","Ganges442001"
-4.015732149099778,0.4216854270987703,-1.1741353050245975,-0.6472201649120122,0.6797592468172045,"UTA01","Ganges452001"
-4.286938080992249,2.2484741755274786,-2.919657107836816,0.9293442387876529,-2.6147866171870673,"UTA01","Ganges462001"
-4.25346244078899,2.2913230578181962,-2.889085240287794,0.9290724288732833,-2.646221040103045,"UTA01","Ganges472001"
-4.2145641530190625,2.413267121916974,-3.059298785872477,0.9721135796772403,-2.812341003360128,"UTA01","Ganges482001"
-4.244994385656309,2.4404231242396595,-3.1150184340517137,0.9847590485476896,-2.844328994474888,"UTA01","Ganges492001"
-4.483942215467646,3.0325152772854684,-3.419780525974078,1.0525052317836412,-2.8960017254578285,"UTA01","Ganges502001"
-4.4758000285884005,3.0518320457702783,-3.421145326102182,1.0469138063951706,-2.910991770796116,"UTA01","Ganges512001"
-4.483093038469109,3.124884098052201,-3.3845732142116605,1.0550851503407879,-2.9954365744359173,"UTA01","Ganges52001"
-4.506778557640488,3.122303816685986,-3.3466383023720714,1.034435032186791,-3.0053342676284864,"UTA01","Ganges522001"
-3.4480272650604316,-1.1284335101702732,-2.0785356533786437,-1.3608702573746627,1.0443289450648008,"UTA01","Ganges532001"
-3.615282958686782,-1.294233905803236,-2.248367735124955,-1.3164390550097425,1.1187429365164956,"UTA01","Ganges542001"
-3.6136229475880732,-1.2780409423644299,-2.2720322438486615,-1.353626636001465,1.1098177733654975,"UTA01","Ganges552001"
-3.607975327313991,-1.262769006852451,-2.28678920354983,-1.3513438835937932,1.0980260393187622,"UTA01","Ganges562001"
-3.9153151119164114,-1.1724373272156683,-2.695706469692659,-2.633923900977077,1.4474071607201076,"UTA01","Ganges572001"
-3.8984072539483847,-1.2062722280596803,-2.683009542374866,-2.6413475129654698,1.4598893895450546,"UTA01","Ganges582001"
-3.9513604436386798,-1.186943875610801,-2.76842326280884,-2.8894393827125624,1.553757048487853,"UTA01","Ganges592001"
-3.994948347617464,-1.1333407866362726,-2.836983925025657,-3.1278994220846426,1.6156022412763302,"UTA01","Ganges602001"
-1.438402585834751,0.5850413555011352,-1.2213277639342948,-1.7794890979575542,1.3432663219971692,"UTA01","Ganges62001"
-1.1927593798574383,0.6761134819210713,-0.8797763775967105,-1.1557436869020434,1.2010152558227172,"UTA01","Ganges72001"
-0.9618135140495947,0.7889736161241605,-0.4544367325708655,-0.5042030135134556,1.1220894672600048,"UTA01","Ganges82001"
-0.9509168003250159,0.791007901394621,-0.4568706909904888,-0.5143554137993814,1.1180382041177164,"UTA01","Ganges92001"
-0.9471318386181026,0.2241864993238696,-0.5291201922871249,-0.3786263103094959,0.4577578288876247,"UTA01","StBauzille102001"
-0.8458316509642657,0.2691066730873645,-0.46787445772171743,-0.3088076665481241,0.4200657481874611,"UTA01","StBauzille112001"
-2.1009619584367125,-0.919219059768029,-0.7991284238700493,0.36430220409173497,0.32331063364884977,"UTA01","StBauzille12001"
-2.2135047228814195,-0.9996400511229334,-0.8520879210166483,0.40362360852510243,0.3489635558803207,"UTA01","StBauzille122001"
-2.2983202632283994,-1.1027829082726026,-0.8839144527812662,0.45139131359764373,0.37458708799755913,"UTA01","StBauzille132001"
-2.301842222515604,-1.0986991489168032,-0.8859163511887352,0.4521770678207618,0.3696904183632161,"UTA01","StBauzille142001"
-3.3094042471885405,-2.037338926113325,-1.4231732732831546,0.7702278725877132,0.6408449956511261,"UTA01","StBauzille152001"
-3.6152994039696393,-2.285169523447046,-1.5570958199968086,0.8491097740393589,0.7113627101586563,"UTA01","StBauzille162001"
-2.9909696173819302,-1.8302667071731298,-1.368364159068066,0.6828994293957911,0.6075403339486559,"UTA01","StBauzille172001"
-2.4450961550349417,-1.4454593691279702,-1.223648885631286,0.533943108415649,0.5051968005376601,"UTA01","StBauzille182001"
-1.422045664105705,-0.5116646260865897,-0.7166854624754109,-0.2571518806732543,0.4987168144794633,"UTA01","StBauzille192001"
-1.4227267696356658,-0.510035041768514,-0.7269096818864074,-0.2617589795778219,0.5034184906837429,"UTA01","StBauzille202001"
-1.2445892254109314,-0.4399898516473057,-0.6650681773326821,-0.1934762567275886,0.45068461649723485,"UTA01","StBauzille212001"
-1.2061809808456643,-0.46297011082361894,-0.6500347309557305,-0.11670211791831829,0.4184698306981605,"UTA01","StBauzille22001"
-0.8221297662202771,-0.3036613555573626,-0.41750052718332953,-0.011459781000374036,0.2520031572438452,"UTA01","StBauzille222001"
-0.8149920605499004,-0.3115017162948644,-0.415842594596201,-0.017022829354012114,0.24304835961636312,"UTA01","StBauzille232001"
-1.2347412222284695,-0.332271043938944,0.27226487855346504,0.0067190405997180624,0.5628805534793861,"UTA01","StBauzille242001"
-1.4696782449521968,-0.3672215545666937,0.5918941703974282,-0.011419026956527661,0.6900519809593734,"UTA01","StBauzille252001"
-8.16958610210274,-2.3072852751501407,5.781722514508729,-0.6126921030608189,-1.1732450959449576,"UTA01","StBauzille262001"
-8.653280364073108,-2.6627239819614927,5.620691188460415,-0.4745787566259474,-1.0933997751220215,"UTA01","StBauzille272001"
-9.572188317787983,-3.3938760699619275,5.1381013857057285,-0.1933037129866655,-0.8439743654054412,"UTA01","StBauzille282001"
-9.555850697604566,-3.399693115030412,5.124983442586522,-0.1877802002037754,-0.8270190528136121,"UTA01","StBauzille292001"
-10.135765454443654,-4.797346542424515,1.7151085626789975,0.36624661767881506,-0.8736019349470832,"UTA01","StBauzille302001"
-10.171028907884926,-4.806343406750697,1.7325273876383749,0.36052822223240866,-0.8884915950277918,"UTA01","StBauzille312001"
-9.640809798710983,-4.69965460803537,0.9894866630878303,0.45668552571040055,-0.8857374458794851,"UTA01","StBauzille32001"
-9.627103621005677,-4.677626290415571,0.9371611690356834,0.3922935258491864,-0.863375439943681,"UTA01","StBauzille322001"
-6.346913384904254,-3.377708516024212,-3.687736243481711,0.5307711187548982,0.2247462846280217,"UTA01","StBauzille332001"
-6.250411620491476,-3.309349703653626,-3.657137873304321,0.5078572705853512,0.20645048930384435,"UTA01","StBauzille342001"
-6.172931563906536,-3.2094851014218504,-3.624012436989153,0.5366449247201122,0.14965592816264195,"UTA01","StBauzille352001"
-6.056739964256884,-3.2743199739760325,-3.573563219698556,0.5465860392269954,0.3821157944995336,"UTA01","StBauzille362001"
-5.024565420295441,-3.03140202467,-3.0920323975707027,0.45051766005050764,1.0919969303647572,"UTA01","StBauzille372001"
-4.7438137716111335,-2.846498719450957,-3.0024320085763705,0.38643201194333554,1.0657707864896557,"UTA01","StBauzille382001"
-4.381755987055675,-2.6543594092107856,-2.7331086448387554,0.6516279130622666,0.8993556669817552,"UTA01","StBauzille392001"
-4.677852264363874,-2.8945419995656967,-2.773580203538481,0.8463006553577127,0.9278689830558442,"UTA01","StBauzille402001"
-6.586793892771599,-1.2136612922048577,-4.102634584391136,2.8757285043671823,0.8618946690719864,"UTA01","StBauzille412001"
-6.235118564967781,-0.9019144117069098,-4.005955238998979,2.7716477915377373,0.6859116696725498,"UTA01","StBauzille42001"
-5.221609182627713,0.030350199516644638,-3.5443703098033685,2.3787427830925907,0.12358579068902342,"UTA01","StBauzille422001"
-5.219872237432568,0.023595744118420248,-3.539211862683281,2.373687138560261,0.13075680560101333,"UTA01","StBauzille432001"
-4.424517301138,1.9083024507302948,-2.107662352882677,2.2900387579290626,0.33177039835753974,"UTA01","StBauzille442001"
-4.962164369165973,1.7384529195933025,-2.2007095585430987,2.496467620410189,0.5471941188071578,"UTA01","StBauzille452001"
-5.928824622563923,1.1986725832438418,-2.574340123571619,2.7936657207105577,0.6885677967555146,"UTA01","StBauzille462001"
-5.194002790323093,1.823907344972725,-2.384058739678847,2.61486573609134,0.5575711120140936,"UTA01","StBauzille472001"
-3.7982890366833155,-0.8585917482135923,-1.1858561310804894,0.30388427719393735,1.6341003328333645,"UTA01","StBauzille482001"
-3.8211318802033234,-0.8275796904488861,-1.1819420623579622,0.29293387879397215,1.6685282823674168,"UTA01","StBauzille492001"
-5.467066720076679,-2.072327831005849,-1.7991273024543164,0.7783771275174415,2.0661830911158288,"UTA01","StBauzille502001"
-5.4000711604266165,-2.1437357963827615,-1.702166854101994,0.7632030605016791,2.1271289465882415,"UTA01","StBauzille512001"
-7.071069937160208,-3.2859039037592046,-2.8238342701204866,1.3648559422776294,3.0005821447020438,"UTA01","StBauzille52001"
-6.9168096555760075,-3.2066854621364977,-2.7532680456481615,1.2965983657811941,2.9141009124184394,"UTA01","StBauzille522001"
-6.787010750314288,-3.153022725502906,-2.6727420693973576,1.2821865855938952,2.8373481633518005,"UTA01","StBauzille532001"
-6.796974326442136,-3.262959321723553,-2.68238686970374,1.252883152259035,2.7734863331968653,"UTA01","StBauzille542001"
-6.6133375469862905,-3.213747541692613,-1.0534283538320135,0.6796764428164391,1.6519791609602033,"UTA01","StBauzille552001"
-6.603360658700334,-3.233824920728948,-1.0561684110067953,0.6789137540267942,1.6228012752799834,"UTA01","StBauzille562001"
-5.364710660936261,-2.2255283874723775,-0.5573485895882544,0.32402697903524,1.3437904722051877,"UTA01","StBauzille572001"
-4.9595897818165735,-1.8721976655158,-0.3438854537205618,0.23110364969113473,1.224941940581181,"UTA01","StBauzille582001"
-4.092451285296886,-0.4421556573294296,2.3122689618403136,-0.4331415659198522,-0.12865618458655337,"UTA01","StBauzille592001"
-4.132851917553234,-0.5225619747484521,2.2462952094749773,-0.42727164155114294,-0.11507888710492487,"UTA01","StBauzille602001"
-4.329644550898972,-0.7566138970500527,2.34191259381571,-0.36081403347884605,-0.07709183101730399,"UTA01","StBauzille62001"
-4.850302570617204,-0.7107690987398301,3.058833512718615,-0.5610249895802859,-0.49691113338182946,"UTA01","StBauzille72001"
-2.7965996301524423,1.4378056702101785,-1.8509284146839942,0.5151004155920855,-2.2412709051261435,"UTA01","StBauzille82001"
-2.753678210957645,1.3938219325199923,-1.811542068777746,0.5819039121182178,-2.1851451119276044,"UTA01","StBauzille92001"
-2.904492789597213,5.423507013899785,1.3525183285885383,2.689511815436357,4.690643684613695,"UTA13","Ganges102013"
-2.8972689125422253,5.409866916868283,1.3633457942862361,2.6803197496141835,4.7003145757682425,"UTA13","Ganges112013"
-2.6998644118029542,4.885184111663585,1.3182960044609684,2.2812496835577996,3.9929378211275344,"UTA13","Ganges12013"
-2.706108537193706,4.897044362200171,1.2875088274459126,2.2753850078756885,3.978948176254532,"UTA13","Ganges122013"
-2.1224267855519736,3.3742907111285425,1.420359835337132,1.2528793297263112,2.7328478212868186,"UTA13","Ganges132013"
-2.137184155012103,3.4136215301212456,1.4246022053509109,1.2884742751653118,2.784170839641315,"UTA13","Ganges142013"
-2.0783143167769214,3.112255484637732,1.7764215007652198,1.0872376791406173,2.9550622740124797,"UTA13","Ganges152013"
-2.1294299713310494,3.1289263031880896,1.8671024700853052,1.058143811210874,2.959606253788463,"UTA13","Ganges162013"
-0.8621198179770453,0.4915640973384079,0.9071164427761828,0.008620637099363032,0.0542012490568306,"UTA13","Ganges172013"
-0.8483661204846386,0.5109616481741062,0.894693910954518,0.045187543749365594,0.025751809381310165,"UTA13","Ganges182013"
-0.8662928383676792,0.5127597575995478,0.9258365575398703,0.04305657165407348,0.03565699096614183,"UTA13","Ganges192013"
-0.863747568650977,0.48815525806794924,0.9318911132837696,0.030758624043657673,0.009156441856081499,"UTA13","Ganges202013"
-1.1920936010864405,0.8245471622539903,0.5678954440491727,-0.6856157120002655,0.2210769106346258,"UTA13","Ganges212013"
-1.1880774081688492,0.8154434030317004,0.5618222794425044,-0.6878922177202682,0.23119501486256527,"UTA13","Ganges22013"
-1.3629367464023294,0.9517007918241359,0.47395805763463134,-1.01847408236997,0.47573081682685636,"UTA13","Ganges222013"
-1.4907124625917154,1.0283682819363036,0.47153451662921086,-1.1847252151591763,0.5806462198703208,"UTA13","Ganges232013"
-2.0456088237374392,0.8374706170188987,0.9740263468008049,-1.6485618969973694,-1.0030166096475095,"UTA13","Ganges242013"
-2.0551192239529543,0.8406741871173162,0.966703056539082,-1.668236077699369,-1.001774513525573,"UTA13","Ganges252013"
-1.9391934094645396,0.9243085548315347,0.6911442525160415,-1.6613373654400123,-1.048160602946156,"UTA13","Ganges262013"
-1.9358744315832281,0.9374095312887247,0.6861849149538619,-1.6197637418153659,-1.074561554323318,"UTA13","Ganges272013"
-1.7833498443801354,0.9241494512473146,0.5756501982057747,-1.138693090020515,-1.0766961232646317,"UTA13","Ganges282013"
-1.7479417355007825,0.9210113646009409,0.6096901571211367,-0.9664956473210126,-1.1380603956048825,"UTA13","Ganges292013"
-1.6686058687590561,0.9441773706817101,0.48880188160482957,-0.9628412200621284,-1.116360119521153,"UTA13","Ganges302013"
-1.6013571480554347,0.9372070178768639,0.4087517569146887,-0.9412859459153571,-1.0611172761705978,"UTA13","Ganges312013"
-0.9904744028481173,1.0789443163688401,-0.3090594800091754,-0.15878511644413712,-0.7752940636392676,"UTA13","Ganges32013"
-1.000537668341127,1.0811995617457768,-0.3086062544942592,-0.15446638899947107,-0.8073492824403057,"UTA13","Ganges322013"
-1.0151457304870395,1.100337640649752,-0.2878696842651553,-0.11048133072081287,-0.7828619290865385,"UTA13","Ganges332013"
-1.0354975208796198,1.1401094192987358,-0.2895379515386812,-0.08413959039725183,-0.7450932093720481,"UTA13","Ganges342013"
-0.9799106322398315,1.1262454769460313,-0.32620669462929947,-0.07684790197830751,-0.7170382847556924,"UTA13","Ganges352013"
-0.9538057043651393,1.1250217516378116,-0.36578297005284677,-0.07550561665229663,-0.6926313796289698,"UTA13","Ganges362013"
-0.9653352818685025,1.1045955838645083,-0.3927295707327281,-0.07697771003006271,-0.7407984425896078,"UTA13","Ganges372013"
-0.9793153030719013,1.1220638727837335,-0.4141862075138378,-0.05975605869408772,-0.7647908691347458,"UTA13","Ganges382013"
-4.919280622731712,0.5968354850974739,-0.13791673174972496,-1.2338243026662974,0.5488104142835688,"UTA13","Ganges392013"
-4.514547605634833,0.5124457025146792,-0.5209901423073855,-1.0910011934815145,0.9426504768118286,"UTA13","Ganges402013"
-4.093238611349472,0.32858278067663615,-0.9219729293121686,-0.8673258507328951,1.4106751396825592,"UTA13","Ganges412013"
-3.9898718725370235,0.3112594150202731,-0.9179835615885559,-0.7865423807443973,1.3160476671477945,"UTA13","Ganges42013"
-3.913842682814037,0.42349629801305655,-1.1106230572427158,-0.6506083390611039,0.7741096785509083,"UTA13","Ganges422013"
-3.910038200948402,0.4060607472142066,-1.0990571974957466,-0.6483489993397018,0.8091381948033105,"UTA13","Ganges432013"
-3.9316676160820743,0.37383272401108136,-1.091258901592799,-0.6784515534224285,0.7457632824021387,"UTA13","Ganges442013"
-4.012724462763862,0.42136988951419274,-1.178113899925343,-0.646170972811515,0.682293812378693,"UTA13","Ganges452013"
-4.305928942496003,2.2516997478894836,-2.9333459867816885,0.9434938740778178,-2.623683619665492,"UTA13","Ganges462013"
-4.255363935707737,2.297280705305989,-2.894258104827343,0.9283529108002203,-2.649148367714713,"UTA13","Ganges472013"
-4.214706824714019,2.413287800254583,-3.059457294195439,0.9721324974314053,-2.8123491272059207,"UTA13","Ganges482013"
-4.23510597901716,2.4219870005912916,-3.102534412921399,0.9802409717543674,-2.8347705128927303,"UTA13","Ganges492013"
-4.482040720548899,3.0265576297976757,-3.4146076614345287,1.0532247498567042,-2.8930743978461595,"UTA13","Ganges502013"
-4.463882167918607,3.0638616855926273,-3.4089688789140205,1.0429935085490922,-2.9167868968000574,"UTA13","Ganges512013"
-4.486782853731455,3.1285141515689743,-3.383850992083335,1.0501697615516004,-2.992246051698337,"UTA13","Ganges52013"
-4.506638272556293,3.1222825358132527,-3.3464825009527446,1.0344049234056363,-3.005336081663336,"UTA13","Ganges522013"
-3.4424514885294766,-1.1241179947561546,-2.076923972870798,-1.3621776004573898,1.0433776726881663,"UTA13","Ganges532013"
-3.616282927062759,-1.2953369218056037,-2.248015648985915,-1.3209711292395774,1.118829155120769,"UTA13","Ganges542013"
-3.6136229475880732,-1.2780409423644299,-2.2720322438486615,-1.353626636001465,1.1098177733654975,"UTA13","Ganges552013"
-3.6080816727001777,-1.262577849429531,-2.2868385261789355,-1.3512888154906637,1.098004117896145,"UTA13","Ganges562013"
-3.910396033756245,-1.1815500216157466,-2.6900934075245013,-2.6347802682281825,1.4525713874253667,"UTA13","Ganges572013"
-3.9026919430794136,-1.2121692302215505,-2.686030300268926,-2.6399887957817962,1.4630702749824447,"UTA13","Ganges582013"
-3.949435410628257,-1.1871418426030067,-2.771090005131369,-2.888765176689077,1.5553477190517797,"UTA13","Ganges592013"
-3.9946392061398197,-1.1336181953482587,-2.8369864810749776,-3.127410109216303,1.6154100414371952,"UTA13","Ganges602013"
-1.4393412451249576,0.5859021528604726,-1.2224163614416614,-1.7792635016399043,1.3427848942912792,"UTA13","Ganges62013"
-1.2042076753094566,0.6734265189741537,-0.882629992293134,-1.1530933435491793,1.202781650431727,"UTA13","Ganges72013"
-0.9610525851049803,0.7854681039436655,-0.45569528645744517,-0.510133229166015,1.1173829712992962,"UTA13","Ganges82013"
-0.9504075378231908,0.7907237178388135,-0.45638906102960025,-0.5144707351623973,1.1177957244216286,"UTA13","Ganges92013"
-0.9522892157669701,0.2320924468732478,-0.5216351538315307,-0.3752304002376834,0.46749957768063577,"UTA13","StBauzille102013"
-0.8427821309741758,0.2674161767392276,-0.4685881922608213,-0.29981012985764477,0.4192065785272751,"UTA13","StBauzille112013"
-2.101424070038511,-0.9192862286527117,-0.7995314125543151,0.3657055919846019,0.323700663912205,"UTA13","StBauzille12013"
-2.212893861112165,-0.9984675326511493,-0.851768492993195,0.4077281741515082,0.3510570486394102,"UTA13","StBauzille122013"
-2.2983202632283994,-1.1027829082726026,-0.8839144527812662,0.45139131359764373,0.37458708799755913,"UTA13","StBauzille132013"
-2.301144738739723,-1.0985165887713662,-0.8848183948969828,0.4515624238404317,0.3699216953595525,"UTA13","StBauzille142013"
-3.3093260000163527,-2.0384589666053365,-1.4250155213275284,0.766613591670354,0.6393683351782531,"UTA13","StBauzille152013"
-3.683691166415112,-2.3382198739640745,-1.5763155548185264,0.8644840678068421,0.7218531767126969,"UTA13","StBauzille162013"
-2.9200524237516934,-1.7727969462489739,-1.3342289769885676,0.6613555511069301,0.5883436226569294,"UTA13","StBauzille172013"
-2.4437004251021595,-1.4484911259268962,-1.2234364654242413,0.5318782183286479,0.5015582426080688,"UTA13","StBauzille182013"
-1.4244686809537859,-0.5119049270634414,-0.7180433887499407,-0.26413856016313775,0.4984764258471535,"UTA13","StBauzille192013"
-1.4220056412831208,-0.5108946305873137,-0.7258166618472888,-0.2576209730047447,0.5023558466783085,"UTA13","StBauzille202013"
-1.245778017513513,-0.4377886490965882,-0.6655147931926646,-0.1927616741975905,0.4506029419493405,"UTA13","StBauzille212013"
-1.2059404363458799,-0.4633024948294753,-0.6497411929791858,-0.11671890687549656,0.4188090831526178,"UTA13","StBauzille22013"
-0.82224094964942,-0.3032816593386403,-0.41744780657111424,-0.010515763435877679,0.2520233707286721,"UTA13","StBauzille222013"
-0.8004049339186384,-0.3043364400142102,-0.41083408683488165,-0.014369706075746197,0.23785584111561692,"UTA13","StBauzille232013"
-1.2464062149878385,-0.34163366857242233,0.2666196329346488,0.01027968296210785,0.5659302484302753,"UTA13","StBauzille242013"
-1.4715263155981702,-0.3634518327631261,0.5919448796704185,-0.010228480554513059,0.6947617648525573,"UTA13","StBauzille252013"
-8.16958610210274,-2.3072852751501407,5.781722514508729,-0.6126921030608189,-1.1732450959449576,"UTA13","StBauzille262013"
-8.653532101024755,-2.6624975816441183,5.620015665071727,-0.47422204327223705,-1.0933993752174787,"UTA13","StBauzille272013"
-9.570640505559506,-3.3960588996965346,5.139887228442314,-0.19253247625516634,-0.8433565771575173,"UTA13","StBauzille282013"
-9.554451441737584,-3.4023036673114575,5.127220315096495,-0.18775797133614436,-0.8244899048797758,"UTA13","StBauzille292013"
-10.166127553053176,-4.804311257434579,1.737449459492527,0.36222431886437056,-0.8877317349836671,"UTA13","StBauzille302013"
-10.170730757273432,-4.8065329861750055,1.7325432132706178,0.3610009906631306,-0.888728765907213,"UTA13","StBauzille312013"
-9.64254375952777,-4.697706005200726,0.9861498392553236,0.4562002746400615,-0.8893018506217119,"UTA13","StBauzille32013"
-9.596965636411738,-4.668411021307498,0.914681723042468,0.39472775474768595,-0.8519875162437813,"UTA13","StBauzille322013"
-6.344858003629854,-3.3786108386974716,-3.684193004838347,0.530683269899471,0.22476931997650862,"UTA13","StBauzille332013"
-6.2547456390588305,-3.3045183604734243,-3.6639864238237463,0.48017271591647104,0.2135744040401717,"UTA13","StBauzille342013"
-6.172929689681038,-3.2097758145303916,-3.6243351723609347,0.5363121180057605,0.1485713069189285,"UTA13","StBauzille352013"
-6.057138022863745,-3.2739894012533943,-3.574266524927551,0.5448896328678708,0.38250050783482936,"UTA13","StBauzille362013"
-4.88647364099124,-2.932244568063048,-3.048259492760643,0.4152999919916628,1.0738193927987323,"UTA13","StBauzille372013"
-4.740291871444609,-2.855641750221465,-2.996481829987802,0.3872729864432167,1.0768449542205905,"UTA13","StBauzille382013"
-4.381357928448815,-2.654689981933423,-2.7324053396097603,0.6533243194213912,0.8989709536464595,"UTA13","StBauzille392013"
-4.812278955401994,-3.001501024092913,-2.8385020895684203,0.8877347042779499,0.9638758076541041,"UTA13","StBauzille402013"
-6.5904917548276085,-1.2085515923182197,-4.107147108878017,2.875986599013974,0.8566793813399061,"UTA13","StBauzille412013"
-6.231867467946181,-0.9124823324742104,-4.008684640751435,2.7547520925488054,0.6716117553631009,"UTA13","StBauzille42013"
-5.222173406344144,0.030591873887096943,-3.5448886966446316,2.378917327009111,0.12391763902164588,"UTA13","StBauzille422013"
-5.218276093039798,0.018608383347526347,-3.5335828315527156,2.3700980412778714,0.138027600700251,"UTA13","StBauzille432013"
-4.424271348720571,1.918536297370772,-2.1011259395934383,2.3065091568957428,0.34620043388915667,"UTA13","StBauzille442013"
-5.093734486336919,1.6352727920525898,-2.23272158160753,2.5240560779482815,0.5694307907367204,"UTA13","StBauzille452013"
-5.796058054225101,1.3145435490632194,-2.5251840803662335,2.7583330387955125,0.6547406342020661,"UTA13","StBauzille462013"
-5.193423877110205,1.8235752524196045,-2.383543485570868,2.6146931397308837,0.557331725668861,"UTA13","StBauzille472013"
-3.798134947444627,-0.8586693258294593,-1.1861229154428679,0.30302305882972835,1.6350949486044755,"UTA13","StBauzille482013"
-3.8211318802033234,-0.8275796904488861,-1.1819420623579622,0.29293387879397215,1.6685282823674168,"UTA13","StBauzille492013"
-5.461442731031682,-2.0841745176771203,-1.7982949459236406,0.7727851927575837,2.0505773566982417,"UTA13","StBauzille502013"
-5.400249487902713,-2.1436527228747027,-1.7023293977615173,0.7632457404734816,2.127219077659722,"UTA13","StBauzille512013"
-7.072762952749824,-3.2853883581944068,-2.825590238087933,1.3650029333912068,3.00061881881436,"UTA13","StBauzille52013"
-6.929911080642672,-3.2167196406644196,-2.756756719942954,1.301060857969737,2.9151884804745487,"UTA13","StBauzille522013"
-6.768752918704921,-3.145936891553796,-2.6660422356035536,1.2808218800042923,2.83428151661998,"UTA13","StBauzille532013"
-6.793181908850256,-3.2466904211814205,-2.6892168763364923,1.2616554762049217,2.7902884861790476,"UTA13","StBauzille542013"
-6.60655655360879,-3.2253591423260497,-1.0535193032407146,0.6790092211717228,1.6379781102801148,"UTA13","StBauzille552013"
-6.617648664944348,-3.235703112762589,-1.0321210521016735,0.6739963111468812,1.6314345856317165,"UTA13","StBauzille562013"
-5.377783278781285,-2.2244561408220704,-0.5393614901869523,0.31948958500830654,1.332830788702475,"UTA13","StBauzille572013"
-4.963002642413988,-1.868843770960111,-0.3444548635905771,0.2313197587889701,1.2176211489709963,"UTA13","StBauzille582013"
-4.078974837126307,-0.44007707370223037,2.288139955685004,-0.43091155953651994,-0.13636310292549214,"UTA13","StBauzille592013"
-4.137985422639508,-0.5138605942210153,2.2522777785968238,-0.4236972888072036,-0.10626367960449778,"UTA13","StBauzille602013"
-4.316947153092183,-0.7478083051321389,2.3447751145068336,-0.3639314594098098,-0.07914916419459583,"UTA13","StBauzille62013"
-4.866903873329261,-0.7186676292070868,3.052993770793061,-0.5639859351560385,-0.49124991513128047,"UTA13","StBauzille72013"
-2.795847304794147,1.4377489585053809,-1.8517921300841436,0.5150247615418123,-2.2418142623064194,"UTA13","StBauzille82013"
-2.7551992976648325,1.3950276228954364,-1.8128076329836689,0.5812838140534915,-2.185146418925751,"UTA13","StBauzille92013"